{"step": 1287, "episode": 52, "duration": 1.354958400000001, "episode_steps": 54, "sps": 39.85362207430129, "episode_reward": 54.0, "reward_mean": 1.0, "reward_min": 1.0, "reward_max": 1.0, "action_mean": 0.5, "action_min": 0, "action_max": 1, "obs_mean": -0.011980464322630155, "obs_min": -1.5709906716158866, "obs_max": 1.3099504666608563, "loss": 0.24144989252090454, "mean_absolute_error": 5.128783702850342, "mean_q": 10.216343879699707, "_runtime": 47, "_timestamp": 1643355507, "_step": 51}