{"step": 22162, "episode": 192, "duration": 4.267706700000076, "episode_steps": 170, "sps": 39.83404014151136, "episode_reward": 170.0, "reward_mean": 1.0, "reward_min": 1.0, "reward_max": 1.0, "action_mean": 0.5470588235294118, "action_min": 0, "action_max": 1, "obs_mean": 0.3729890117005965, "obs_min": -1.186085028670933, "obs_max": 2.972574571747614, "loss": 2.977750778198242, "mean_absolute_error": 49.037174224853516, "mean_q": 99.76905059814453, "_runtime": 575, "_timestamp": 1643342327, "_step": 191}