{"step": 49893, "episode": 327, "duration": 5.018553599999905, "episode_steps": 200, "sps": 39.852119941491466, "episode_reward": 200.0, "reward_mean": 1.0, "reward_min": 1.0, "reward_max": 1.0, "action_mean": 0.495, "action_min": 0, "action_max": 1, "obs_mean": -0.006723815852277013, "obs_min": -1.1259515185051392, "obs_max": 1.3441160247006414, "loss": 19.371973037719727, "mean_absolute_error": 66.84496307373047, "mean_q": 134.02703857421875, "_runtime": 1272, "_timestamp": 1643343767, "_step": 326, "_wandb": {"runtime": 1296}}