{"step": 4997, "episode": 452, "duration": 0.10575049999999919, "episode_steps": 9, "sps": 85.10598058638085, "episode_reward": 9.0, "reward_mean": 1.0, "reward_min": 1.0, "reward_max": 1.0, "action_mean": 0.8888888888888888, "action_min": 0, "action_max": 1, "obs_mean": -0.15404775715869945, "obs_min": -2.4974472011495057, "obs_max": 1.5912063244171597, "loss": 0.9170873165130615, "mean_absolute_error": 5.678760051727295, "mean_q": 10.824387550354004, "_runtime": 75, "_timestamp": 1643341014, "_step": 451, "_wandb": {"runtime": 71}}